"","Workout","Timestamp","Live.On.Demand","Instructor.Name","Length..minutes.","Fitness.Discipline","Type","Title","Class.Timestamp","Total.Output","Avg..Watts","Avg..Resistance","Avg..Cadence..RPM.","Avg..Speed..kph.","Distance..km.","Calories.Burned","Avg..Heartrate","Avg..Incline","Avg..Pace..min.km."
"1","2020-08-11","14:49","On Demand","Robin Arzon",20,"Cycling","Beginner","20 min Beginner Ride","2019-11-13 16:16 (EDT)",65,54,"32%",66,18.72,6.24,203,147.97,NA,NA
"2","2020-08-11","15:13","On Demand","Robin Arzon",5,"Stretching","Pre & Post-Ride Stretch","5 min Post-Ride Stretch","2020-06-30 10:00 (EDT)",NA,NA,"",NA,NA,NA,40,129.47,NA,NA
"3","2020-08-11","15:31","On Demand","",15,"Cycling","Scenic Ride","15 min Canadian Roads Scenic Ride","",41,46,"30%",68,18.07,4.52,154,149.03,NA,NA
"4","2020-08-11","15:52","On Demand","Kendall Toole",10,"Strength","Arms & Light Weights","10 min Arms Toning","2020-08-09 08:34 (EDT)",NA,NA,"",NA,NA,NA,96,143.46,NA,NA
"5","2020-08-12","11:11","On Demand","Anna Greenberg",10,"Yoga","Yoga Basics","10 min Basics: Transitions","2020-03-11 11:00 (EDT)",NA,NA,"",NA,NA,NA,NA,NA,NA,NA
"6","2020-08-12","11:22","On Demand","Aditi Shah",10,"Yoga","Focus Flow","10 min Sun Salutations","2019-07-01 09:51 (EDT)",NA,NA,"",NA,NA,NA,NA,NA,NA,NA
"7","2020-08-12","12:26","On Demand","Robin Arzon",20,"Cycling","Beginner","20 min Beginner Ride","2020-05-31 16:00 (EDT)",50,53,"34%",64,19.38,5.36,170,144.72,NA,NA
"8","2020-08-12","12:50","On Demand","Robin Arzon",10,"Strength","Arms & Light Weights","10 min Arms Toning","2020-07-31 18:35 (EDT)",NA,NA,"",NA,NA,NA,79,128.78,NA,NA
"9","2020-08-13","14:59","On Demand","Alex Toussaint",20,"Cycling","Beginner","20 min Beginner Ride","2019-12-07 10:00 (EDT)",59,49,"32%",67,18.35,6.12,199,145,NA,NA
"10","2020-08-13","15:22","On Demand","Alex Toussaint",10,"Strength","Arms & Light Weights","10 min Arms Toning","2020-08-07 09:00 (EDT)",NA,NA,"",NA,NA,NA,100,146.78,NA,NA
"11","2020-08-13","15:43","On Demand","Robin Arzon",15,"Cycling","Low Impact","15 min Low Impact Ride","2019-07-16 14:37 (EDT)",27,30,"24%",66,14.16,3.54,147,145.09,NA,NA
"12","2020-08-13","16:01","On Demand","Robin Arzon",5,"Stretching","Pre & Post-Ride Stretch","5 min Post-Ride Stretch","2020-06-30 10:00 (EDT)",NA,NA,"",NA,NA,NA,41,131.07,NA,NA
"13","2020-08-13","16:14","On Demand","Multiple Instructors",5,"Cardio","Dance Cardio","5 min Dance Cardio Warm Up","2020-03-05 14:00 (EDT)",NA,NA,"",NA,NA,NA,38,125.38,NA,NA
"14","2020-08-13","16:21","On Demand","Multiple Instructors",20,"Cardio","Dance Cardio","20 min Dance Cardio","2020-03-05 14:00 (EDT)",NA,NA,"",NA,NA,NA,140,120.85,NA,NA
"15","2020-08-14","15:44","On Demand","Cody Rigsby",30,"Cycling","Music","30 min Pop Ride","2019-11-27 12:20 (EDT)",89,49,"36%",57,18.02,9.01,284,142.2,NA,NA
"16","2020-08-14","16:17","On Demand","Cody Rigsby",10,"Strength","Arms & Light Weights","10 min Arms Toning","2020-08-13 18:36 (EDT)",NA,NA,"",NA,NA,NA,92,140.11,NA,NA
"17","2020-08-14","16:29","On Demand","Hannah Corbin",5,"Cycling","Warm Up/Cool Down","5 min Cool Down Ride","2020-07-17 09:00 (EDT)",12,39,"37%",48,16.11,1.34,48,143.5,NA,NA
"18","2020-08-14","16:37","On Demand","Tunde Oyeneyin",5,"Stretching","Pre & Post-Ride Stretch","5 min Post-Ride Stretch","2020-08-14 09:00 (EDT)",NA,NA,"",NA,NA,NA,2,123.19,NA,NA
"19","2020-08-15","8:46","On Demand","Tunde Oyeneyin",20,"Cycling","Beginner","20 min Beginner Ride","2019-12-19 16:00 (EDT)",55,46,"31%",66,17.96,5.99,171,134.09,NA,NA
"20","2020-08-15","9:09","On Demand","Tunde Oyeneyin",10,"Strength","Arms & Light Weights","10 min Arms Toning","2020-08-12 09:00 (EDT)",NA,NA,"",NA,NA,NA,79,128.76,NA,NA
"21","2020-08-15","9:22","On Demand","Sam Yo",10,"Cycling","Warm Up/Cool Down","10 min Cool Down Ride","2020-08-08 11:35 (EDT)",21,35,"31%",57,15.51,2.57,81,130.01,NA,NA
"22","2020-08-15","9:35","On Demand","Sam Yo",5,"Stretching","Pre & Post-Ride Stretch","5 min Post-Ride Stretch","2020-08-02 04:45 (EDT)",NA,NA,"",NA,NA,NA,38,126.29,NA,NA
"23","2020-08-18","16:33","On Demand","Tunde Oyeneyin",20,"Cycling","Beginner","20 min Beginner Ride","2019-12-19 16:00 (EDT)",45,48,"32%",66,18.86,4.99,147,143.87,NA,NA
"24","2020-08-18","16:57","On Demand","Tunde Oyeneyin",10,"Strength","Arms & Light Weights","10 min Arms Toning","2020-08-12 09:00 (EDT)",NA,NA,"",NA,NA,NA,84,132.47,NA,NA
"25","2020-08-18","17:10","On Demand","Kendall Toole",15,"Cycling","Music","15 min Pop Ride","2019-12-20 13:00 (EDT)",47,52,"36%",58,18.33,4.59,155,149.64,NA,NA
"26","2020-08-18","17:26","On Demand","Kendall Toole",5,"Stretching","Pre & Post-Ride Stretch","5 min Post-Ride Stretch","2020-06-08 10:00 (EDT)",NA,NA,"",NA,NA,NA,42,133.59,NA,NA
"27","2020-08-19","15:34","On Demand","Hannah Corbin",30,"Cycling","Beginner","30 min Advanced Beginner Ride","2019-12-14 17:48 (EDT)",81,45,"34%",57,17.3,8.64,229,125.98,NA,NA
"28","2020-08-19","16:08","On Demand","Hannah Corbin",10,"Strength","Arms & Light Weights","10 min Arms Toning","2020-07-20 09:40 (EDT)",NA,NA,"",NA,NA,NA,71,121.14,NA,NA
"29","2020-08-19","16:27","On Demand","Robin Arzon",20,"Cycling","Low Impact","20 min Low Impact Ride","2019-12-03 07:16 (EDT)",56,47,"33%",58,16.75,5.58,183,139.49,NA,NA
"30","2020-08-20","16:49","On Demand","Hannah Frankson",30,"Cycling","Beginner","30 min Advanced Beginner Ride","2019-12-02 03:56 (EDT)",83,46,"32%",65,17.85,8.92,255,133.22,NA,NA
"31","2020-08-20","17:22","On Demand","Hannah Frankson",10,"Strength","Arms & Light Weights","10 min Arms Toning","2020-08-12 13:02 (EDT)",NA,NA,"",NA,NA,NA,82,130.64,NA,NA
"32","2020-08-21","15:03","On Demand","Matt Wilpers",30,"Cycling","Beginner","30 min Advanced Beginner Ride","2019-10-13 16:18 (EDT)",80,44,"29%",67,17.32,8.66,233,127.89,NA,NA
"33","2020-08-21","15:37","On Demand","Matt Wilpers",10,"Strength","Arms & Light Weights","10 min Arms Toning","2020-06-24 14:40 (EDT)",NA,NA,"",NA,NA,NA,74,124.14,NA,NA
"34","2020-08-21","15:50","On Demand","Robin Arzon",15,"Cycling","Intervals","15 min Tabata Ride","2019-09-26 15:21 (EDT)",55,66,"54%",29,14.76,3.96,140,154.71,NA,NA
"35","2020-08-21","16:12","On Demand","Robin Arzon",5,"Stretching","Pre & Post-Ride Stretch","5 min Post-Ride Stretch","2020-06-30 10:00 (EDT)",NA,NA,"",NA,NA,NA,35,115.7,NA,NA
"36","2020-08-21","19:19","On Demand","Hannah Corbin",20,"Cycling","Beginner","20 min Beginner Ride","2019-07-06 15:00 (EDT)",46,38,"30%",61,16.4,5.46,161,129.75,NA,NA
"37","2020-08-21","19:41","On Demand","Hannah Corbin",5,"Stretching","Pre & Post-Ride Stretch","5 min Post-Ride Stretch","2020-05-31 10:00 (EDT)",NA,NA,"",NA,NA,NA,33,117.41,NA,NA
"38","2020-08-22","16:07","On Demand","Robin Arzon",30,"Cycling","Music","30 min Hip Hop Ride","2019-09-13 12:18 (EDT)",77,51,"39%",48,16.24,7.27,242,144.04,NA,NA
"39","2020-08-22","16:40","On Demand","Robin Arzon",10,"Strength","Arms & Light Weights","10 min Arms Toning","2020-07-31 18:35 (EDT)",NA,NA,"",NA,NA,NA,86,134.34,NA,NA
"40","2020-08-22","16:56","On Demand","Sam Yo",20,"Cycling","Intervals","20 min HIIT Ride","2020-07-31 07:50 (EDT)",43,36,"37%",38,12.26,4.09,171,134.02,NA,NA
"41","2020-08-23","15:07","On Demand","Hannah Corbin",30,"Cycling","Beginner","30 min Advanced Beginner Ride","2020-08-02 09:20 (EDT)",68,73,"49%",49,23.95,6.73,184,NA,NA,NA
"42","2020-08-26","16:18","On Demand","Robin Arzon",20,"Cycling","Beginner","20 min Beginner Ride","2019-11-13 16:16 (EDT)",52,43,"28%",68,16.98,5.65,160,129.23,NA,NA
"43","2020-08-26","16:44","","",6,"Cycling","","6 min Just Ride","",19,52,"32%",69,19.38,1.93,52,134.46,NA,NA
"44","2020-08-27","15:38","On Demand","Robin Arzon",20,"Cycling","Beginner","20 min Beginner Ride","2019-11-13 16:16 (EDT)",61,51,"30%",72,18.59,6.2,94,NA,NA,NA
"45","2020-08-27","16:02","On Demand","Robin Arzon",10,"Strength","Arms & Light Weights","10 min Arms Toning","2020-07-31 18:35 (EDT)",NA,NA,"",NA,NA,NA,58,NA,NA,NA
"46","2020-08-29","13:07","On Demand","Robin Arzon",20,"Cycling","Beginner","20 min Beginner Ride","2019-11-13 16:16 (EDT)",60,50,"29%",75,18.67,6.21,202,147.65,NA,NA
"47","2020-08-29","13:37","On Demand","Robin Arzon",15,"Cycling","Intervals","15 min Tabata Ride","2019-09-26 15:21 (EDT)",62,69,"47%",45,18.46,4.6,172,159.84,NA,NA
"48","2020-08-30","14:50","On Demand","Robin Arzon",15,"Cycling","Intervals","15 min Tabata Ride","2019-09-26 15:21 (EDT)",59,65,"48%",39,16.06,4.01,159,152.31,NA,NA
"49","2020-10-08","14:24","On Demand","Robin Arzon",20,"Cycling","Beginner","20 min Beginner Ride","2019-11-13 16:16 (EDT)",NA,NA,"",NA,NA,NA,NA,NA,NA,NA
"50","2020-10-08","14:27","On Demand","Robin Arzon",20,"Cycling","Beginner","20 min Beginner Ride","2019-11-13 16:16 (EDT)",59,49,"30%",70,18.3,6.1,149,123,NA,NA
"51","2020-10-08","14:51","On Demand","Ally Love",20,"Cycling","Low Impact","20 min Recovery Ride","2019-11-09 07:00 (EDT)",54,45,"30%",69,17.98,5.99,127,NA,NA,NA
"52","2020-10-08","15:13","On Demand","Ally Love",5,"Stretching","Pre & Post-Ride Stretch","5 min Post-Ride Stretch","2020-07-17 09:00 (EDT)",NA,NA,"",NA,NA,NA,14,NA,NA,NA
"53","2020-10-14","12:28","On Demand","Robin Arzon",20,"Cycling","Low Impact","20 min Low Impact Ride","2018-10-31 16:50 (EDT)",77,64,"32%",77,21.07,7.02,192,141,NA,NA
"54","2021-02-08","12:16","On Demand","Leanne Hainsby",30,"Cycling","Beginner","30 min Advanced Beginner Ride","2021-01-27 01:30 (EDT)",107,59,"38%",60,20,9.99,329,154,NA,NA
"55","2021-02-08","12:48","On Demand","Leanne Hainsby",5,"Cycling","Warm Up/Cool Down","5 min Cool Down Ride","2020-12-13 11:35 (EDT)",9,30,"25%",67,14.68,1.21,44,138,NA,NA
"56","2021-02-08","12:54","On Demand","Leanne Hainsby",5,"Stretching","Pre & Post-Ride Stretch","5 min Post-Ride Stretch","2021-01-13 01:15 (EDT)",NA,NA,"",NA,NA,NA,45,138.46,NA,NA
"57","2021-02-09","10:43","On Demand","Leanne Hainsby",20,"Cycling","Beginner","20 min Beginner Ride","2019-04-07 03:07 (EDT)",67,56,"34%",64,19.52,6.5,188,140,NA,NA
"58","2021-02-09","11:05","On Demand","Leanne Hainsby",5,"Cycling","Warm Up/Cool Down","5 min Cool Down Ride","2020-12-13 11:35 (EDT)",10,34,"29%",61,15.71,1.3,39,127,NA,NA
"59","2021-02-09","11:11","On Demand","Leanne Hainsby",5,"Stretching","Pre & Post-Ride Stretch","5 min Post-Ride Stretch","2021-01-13 01:15 (EDT)",NA,NA,"",NA,NA,NA,36,123.1,NA,NA
"60","2021-02-10","10:18","On Demand","Leanne Hainsby",20,"Cycling","Music","20 min 90s Ride","2020-10-13 02:24 (EDT)",71,59,"37%",56,18.41,6.13,202,146,NA,NA
"61","2021-02-10","10:41","On Demand","Leanne Hainsby",5,"Cycling","Warm Up/Cool Down","5 min Cool Down Ride","2020-12-13 11:35 (EDT)",15,49,"35%",60,18.23,1.51,44,141,NA,NA
"62","2021-02-10","10:49","On Demand","Leanne Hainsby",10,"Strength","Arms & Light Weights","10 min Arms Toning","2021-02-09 09:32 (EDT)",NA,NA,"",NA,NA,NA,58,NA,NA,NA
"63","2021-02-12","10:12","On Demand","Leanne Hainsby",20,"Cycling","Beginner","20 min Beginner Ride","2019-04-07 03:07 (EDT)",82,68,"37%",66,21.6,7.19,188,140,NA,NA
"64","2021-02-12","10:35","On Demand","Leanne Hainsby",10,"Strength","Arms & Light Weights","10 min Arms Toning","2021-02-09 09:32 (EDT)",NA,NA,"",NA,NA,NA,58,NA,NA,NA
"65","2021-02-13","9:44","On Demand","Leanne Hainsby",30,"Cycling","Beginner","30 min Advanced Beginner Ride","2021-01-27 01:30 (EDT)",126,70,"42%",55,20.42,10.22,292,143,NA,NA
"66","2021-02-13","10:18","On Demand","Leanne Hainsby",10,"Cycling","Warm Up/Cool Down","10 min Cool Down Ride","2021-02-11 06:25 (EDT)",32,53,"37%",59,19.26,3.2,96,142,NA,NA
"67","2021-02-14","13:59","On Demand","Leanne Hainsby",30,"Cycling","Beginner","30 min Advanced Beginner Ride","2021-01-27 01:30 (EDT)",130,72,"41%",57,21.02,10.51,333,155,NA,NA
"68","2021-02-15","10:26","On Demand","Leanne Hainsby",20,"Cycling","Beginner","20 min Beginner Ride","2020-09-10 01:00 (EDT)",90,75,"37%",69,22.06,7.35,202,146,NA,NA
"69","2021-02-15","10:49","On Demand","Leanne Hainsby",5,"Stretching","Pre & Post-Ride Stretch","5 min Post-Ride Stretch","2021-01-13 01:15 (EDT)",NA,NA,"",NA,NA,NA,14,NA,NA,NA
"70","2021-02-16","10:38","On Demand","Leanne Hainsby",20,"Cycling","Music","20 min 2010s Ride","2021-02-01 02:56 (EDT)",79,66,"35%",68,20.92,6.97,210,149,NA,NA
"71","2021-02-17","10:47","On Demand","Leanne Hainsby",20,"Cycling","Music","20 min 2010s Ride","2021-02-01 02:56 (EDT)",88,73,"37%",68,21.9,7.31,212,152,NA,NA
"72","2021-02-17","11:09","On Demand","Leanne Hainsby",5,"Stretching","Pre & Post-Ride Stretch","5 min Post-Ride Stretch","2021-01-13 01:15 (EDT)",NA,NA,"",NA,NA,NA,14,NA,NA,NA
"73","2021-02-18","10:16","On Demand","Leanne Hainsby",30,"Cycling","Music","30 min 2010s Ride","2020-12-22 08:00 (EDT)",142,79,"43%",57,21.42,10.7,324,152,NA,NA
"74","2021-02-18","10:50","On Demand","Leanne Hainsby",5,"Cycling","Warm Up/Cool Down","5 min Cool Down Ride","2019-11-28 04:22 (EDT)",15,50,"34%",63,18.36,1.51,43,136,NA,NA
"75","2021-02-18","11:00","On Demand","Ally Love",10,"Strength","Arms & Light Weights","10 min Arms Toning","2021-02-14 12:35 (EDT)",NA,NA,"",NA,NA,NA,58,NA,NA,NA
"76","2021-02-19","10:39","On Demand","Leanne Hainsby",30,"Cycling","Music","30 min 2010s Ride","2020-12-22 08:00 (EDT)",129,72,"39%",62,21.16,10.57,277,139,NA,NA
"77","2021-02-19","11:12","On Demand","Leanne Hainsby",5,"Stretching","Pre & Post-Ride Stretch","5 min Post-Ride Stretch","2021-01-13 01:15 (EDT)",NA,NA,"",NA,NA,NA,14,NA,NA,NA
"78","2021-02-21","10:49","On Demand","Leanne Hainsby",30,"Cycling","Beginner","30 min Advanced Beginner Ride","2021-01-27 01:30 (EDT)",139,77,"42%",57,21.4,10.7,303,146,NA,NA
"79","2021-02-21","11:23","On Demand","Leanne Hainsby",10,"Strength","Arms & Light Weights","10 min Arms Toning","2021-02-09 09:32 (EDT)",NA,NA,"",NA,NA,NA,58,NA,NA,NA
"80","2021-02-22","14:46","On Demand","Leanne Hainsby",20,"Cycling","Music","20 min 2010s Ride","2021-02-01 02:56 (EDT)",93,77,"38%",68,22.27,7.42,213,151,NA,NA
"81","2021-02-23","10:50","On Demand","Leanne Hainsby",20,"Cycling","Music","20 min 2010s Ride","2021-02-01 02:56 (EDT)",93,77,"39%",63,21.74,7.26,193,143,NA,NA
"82","2021-02-25","10:32","On Demand","Leanne Hainsby",20,"Cycling","Music","20 min Pop Ride","2021-02-22 02:55 (-05)",108,90,"42%",63,23.17,7.72,214,150,NA,NA
"83","2021-02-26","10:34","On Demand","Leanne Hainsby",20,"Cycling","Music","20 min Pop Ride","2021-02-22 02:55 (-05)",100,83,"41%",62,21.87,7.29,207,148,NA,NA
"84","2021-02-27","10:20","On Demand","Leanne Hainsby",30,"Cycling","Music","30 min Pop Ride","2021-01-18 02:55 (-05)",134,74,"37%",67,21.37,10.69,320,151,NA,NA
"85","2021-03-01","10:29","On Demand","Leanne Hainsby",15,"Cycling","Intervals","15 min HIIT Ride","2021-02-15 02:55 (-05)",81,90,"40%",67,24.12,6.04,171,157,NA,NA
"86","2021-03-02","10:31","On Demand","Leanne Hainsby",30,"Cycling","Music","30 min Pop Ride","2021-01-18 02:55 (-05)",150,83,"42%",61,22.32,11.15,310,148,NA,NA
"87","2021-03-02","11:04","On Demand","Leanne Hainsby",5,"Stretching","Pre & Post-Ride Stretch","5 min Post-Ride Stretch","2021-02-26 01:35 (-05)",NA,NA,"",NA,NA,NA,14,NA,NA,NA
"88","2021-03-03","11:25","On Demand","Leanne Hainsby",20,"Cycling","Intervals","20 min HIIT Ride","2020-09-29 01:19 (-05)",97,81,"41%",56,20.49,6.84,212,150,NA,NA
"89","2021-03-05","9:14","On Demand","Leanne Hainsby",15,"Cycling","Intervals","15 min HIIT Ride","2021-02-15 02:55 (-05)",80,88,"42%",63,23.69,5.92,158,149,NA,NA
"90","2021-03-05","9:34","On Demand","Hannah Corbin",10,"Strength","Barre","10 min Intro to Barre","2020-09-21 07:40 (-05)",NA,NA,"",NA,NA,NA,NA,NA,NA,NA
"91","2021-03-05","9:35","On Demand","Ally Love",10,"Strength","Barre","10 min Barre","2020-09-21 07:50 (-05)",NA,NA,"",NA,NA,NA,15,NA,NA,NA
"92","2021-03-05","9:39","On Demand","Selena Samuela",10,"Strength","Upper Body","10 min Arms & Shoulders Strength","2021-03-03 10:00 (-05)",NA,NA,"",NA,NA,NA,58,NA,NA,NA
"93","2021-03-06","9:41","On Demand","Leanne Hainsby",20,"Cycling","Music","20 min Pop Ride","2021-02-22 02:55 (-05)",106,89,"42%",61,22.27,7.44,204,148,NA,NA
"94","2021-03-08","9:36","On Demand","Leanne Hainsby",20,"Cycling","Intervals","20 min Tabata Ride","2021-03-08 02:55 (-05)",113,94,"44%",55,21.81,7.27,223,154,NA,NA
"95","2021-03-09","11:13","On Demand","Leanne Hainsby",30,"Cycling","Theme","30 min WHM: Broadway Ride","2021-03-02 08:55 (-05)",162,90,"41%",65,22.74,11.38,353,160,NA,NA
"96","2021-03-09","11:56","On Demand","Selena Samuela",10,"Strength","Upper Body","10 min Arms & Shoulders Strength","2021-03-03 10:00 (-05)",NA,NA,"",NA,NA,NA,58,NA,NA,NA
"97","2021-03-09","12:09","On Demand","Selena Samuela",10,"Strength","Upper Body","10 min Arms & Shoulders Strength","2021-03-08 09:11 (-05)",NA,NA,"",NA,NA,NA,58,NA,NA,NA
"98","2021-03-09","12:23","On Demand","Kristin McGee",10,"Meditation","Mindfulness","10 min WHM: Intention Meditation","2021-03-08 08:45 (-05)",NA,NA,"",NA,NA,NA,NA,NA,NA,NA
"99","2021-03-10","13:18","On Demand","Leanne Hainsby",20,"Cycling","Music","20 min Pop Ride","2021-02-22 02:55 (-05)",105,87,"40%",68,23.06,7.69,217,154,NA,NA
"100","2021-03-10","13:41","On Demand","Selena Samuela",10,"Strength","Upper Body","10 min Arms & Shoulders Strength","2021-03-03 10:00 (-05)",NA,NA,"",NA,NA,NA,58,NA,NA,NA
"101","2021-03-11","9:54","On Demand","Leanne Hainsby",15,"Cycling","Intervals","15 min HIIT Ride","2021-02-15 02:55 (-05)",88,97,"44%",63,24.35,6.1,148,146,NA,NA
"102","2021-03-12","9:38","On Demand","Leanne Hainsby",30,"Cycling","Music","30 min Pop Ride","2021-03-09 08:55 (-05)",172,95,"41%",67,23.45,11.73,314,150,NA,NA
"103","2021-03-14","9:46","On Demand","Leanne Hainsby",15,"Cycling","Intervals","15 min HIIT Ride","2021-02-15 03:55 (-04)",89,99,"44%",63,24.61,6.16,157,151,NA,NA
"104","2021-03-15","10:07","On Demand","Leanne Hainsby",15,"Cycling","Intervals","15 min HIIT Ride","2021-02-15 03:55 (-04)",83,92,"41%",68,24.25,6.07,155,150,NA,NA
"105","2021-03-16","11:47","On Demand","Leanne Hainsby",20,"Cycling","Intervals","20 min Tabata Ride","2021-02-11 07:00 (-04)",114,95,"43%",57,21.89,7.31,197,146,NA,NA
"106","2021-03-16","12:12","On Demand","Selena Samuela",10,"Strength","Upper Body","10 min Arms & Shoulders Strength","2019-08-19 06:32 (-04)",NA,NA,"",NA,NA,NA,58,NA,NA,NA
"107","2021-03-18","9:58","On Demand","Leanne Hainsby",20,"Cycling","Music","20 min New Tracks Ride","2021-03-15 04:22 (-04)",118,98,"43%",65,24.11,8.05,197,144,NA,NA
"108","2021-03-20","9:57","On Demand","Leanne Hainsby",15,"Cycling","Intervals","15 min Tabata Ride","2020-03-06 03:32 (-04)",73,81,"38%",67,22.58,5.65,141,139,NA,NA
"109","2021-03-20","10:16","On Demand","Selena Samuela",10,"Strength","Upper Body","10 min Arms & Shoulders Strength","2021-03-03 11:00 (-04)",NA,NA,"",NA,NA,NA,58,NA,NA,NA
"110","2021-03-21","9:53","On Demand","Leanne Hainsby",20,"Cycling","Music","20 min New Tracks Ride","2021-03-15 04:22 (-04)",110,92,"42%",63,22.37,7.47,208,148,NA,NA
"111","2021-03-21","10:16","On Demand","Selena Samuela",10,"Strength","Upper Body","10 min Arms & Shoulders Strength","2021-03-03 11:00 (-04)",NA,NA,"",NA,NA,NA,58,NA,NA,NA
"112","2021-03-22","9:17","On Demand","Leanne Hainsby",30,"Cycling","Music","30 min Pop Ride","2021-03-09 09:55 (-04)",175,97,"41%",67,23.45,11.73,317,150,NA,NA
"113","2021-03-22","9:51","On Demand","Selena Samuela",10,"Strength","Upper Body","10 min Arms & Shoulders Strength","2021-03-03 11:00 (-04)",NA,NA,"",NA,NA,NA,58,NA,NA,NA
"114","2021-03-23","9:41","On Demand","Leanne Hainsby",30,"Cycling","Music","30 min 2010s Ride","2021-03-04 14:25 (-04)",167,93,"42%",62,22.69,11.35,296,144,NA,NA
"115","2021-03-23","10:17","On Demand","Selena Samuela",10,"Strength","Full Body","10 min Full Body Strength","2019-03-18 06:31 (-04)",NA,NA,"",NA,NA,NA,5,NA,NA,NA
"116","2021-03-23","10:20","On Demand","Selena Samuela",15,"Strength","Upper Body","15 min Chest & Back Strength","2019-06-19 16:16 (-04)",NA,NA,"",NA,NA,NA,87,NA,NA,NA
"117","2021-03-23","10:43","On Demand","Chelsea Jackson Roberts",10,"Meditation","Mindfulness","10 min WHM Celebration Meditation","2021-03-22 18:36 (-04)",NA,NA,"",NA,NA,NA,NA,NA,NA,NA
"118","2021-03-25","9:39","On Demand","Leanne Hainsby",30,"Cycling","Music","30 min 2010s Ride","2021-03-04 14:25 (-04)",175,97,"43%",62,23.01,11.51,306,147,NA,NA
"119","2021-03-25","10:12","On Demand","Selena Samuela",10,"Strength","Upper Body","10 min Arms & Shoulders Strength","2021-03-03 11:00 (-04)",NA,NA,"",NA,NA,NA,58,NA,NA,NA
"120","2021-03-26","9:45","On Demand","Leanne Hainsby",20,"Cycling","Music","20 min Hip Hop Ride","2021-01-25 03:55 (-04)",119,99,"40%",70,23.74,7.92,195,143,NA,NA
"121","2021-03-26","10:08","On Demand","Selena Samuela",10,"Strength","Upper Body","10 min Arms & Shoulders Strength","2018-10-09 08:32 (-04)",NA,NA,"",NA,NA,NA,57,NA,NA,NA
"122","2021-03-27","9:49","On Demand","Hannah Frankson",30,"Cycling","Music","30 min 2000s Ride","2020-07-11 04:50 (-04)",185,103,"44%",63,24.08,12.04,310,149,NA,NA
"123","2021-03-29","9:05","On Demand","Emma Lovewell",45,"Cycling","Music","45 min Red Hot Chili Peppers Ride","2019-07-24 18:18 (-04)",29,133,"42%",72,25.67,1.87,39,NA,NA,NA
"124","2021-03-29","9:14","On Demand","Leanne Hainsby",20,"Cycling","Music","20 min New Tracks Ride","2021-03-15 04:22 (-04)",109,91,"43%",60,22.03,7.35,195,144,NA,NA
"125","2021-03-29","9:39","On Demand","Selena Samuela",10,"Strength","Upper Body","10 min Arms & Shoulders Strength","2018-10-09 08:32 (-04)",NA,NA,"",NA,NA,NA,57,NA,NA,NA
"126","2021-03-30","10:59","Live","Leanne Hainsby",45,"Cycling","Music","45 min 2010s Ride","2021-03-23 09:55 (-04)",253,94,"41%",66,23.53,17.65,509,157,NA,NA
"127","2021-03-30","11:51","On Demand","Selena Samuela",20,"Strength","Upper Body","20 min Arms & Shoulders Strength","2020-11-25 11:00 (-04)",NA,NA,"",NA,NA,NA,116,NA,NA,NA
"128","2021-03-30","12:16","On Demand","Aditi Shah",10,"Meditation","Emotions","10 min Gratitude Meditation","2021-02-14 11:00 (-04)",NA,NA,"",NA,NA,NA,NA,NA,NA,NA
"129","2021-03-31","12:50","On Demand","Leanne Hainsby",30,"Cycling","Music","30 min 90s Pop Ride","2021-03-25 14:55 (-04)",182,101,"40%",74,25.14,12.57,282,NA,NA,NA
"130","2021-03-31","13:23","On Demand","Leanne Hainsby",10,"Strength","Arms & Light Weights","10 min Arms & Light Weights","2021-03-19 02:35 (-04)",NA,NA,"",NA,NA,NA,58,NA,NA,NA
"131","2021-04-01","9:18","On Demand","Leanne Hainsby",30,"Cycling","Music","30 min 2000s Pop Ride","2021-02-11 14:24 (-04)",171,96,"45%",58,22.39,11.06,265,137,NA,NA
"132","2021-04-03","9:36","On Demand","Hannah Frankson",15,"Cycling","Music","15 min 90s Ride","2019-11-11 06:00 (-04)",94,104,"43%",67,24.37,6.1,146,142,NA,NA
"133","2021-04-03","9:55","On Demand","Selena Samuela",10,"Strength","Upper Body","10 min Arms & Shoulders Strength","2021-03-03 11:00 (-04)",NA,NA,"",NA,NA,NA,58,NA,NA,NA
"134","2021-04-04","10:32","On Demand","Leanne Hainsby",45,"Cycling","Music","45 min Pop Ride","2021-04-03 11:00 (-04)",241,89,"39%",69,22.68,17.01,459,148,NA,NA
"135","2021-04-04","11:22","On Demand","Ben Alldis",15,"Strength","Bodyweight","15 min Bodyweight Strength","2021-04-03 12:00 (-04)",NA,NA,"",NA,NA,NA,14,NA,NA,NA
"136","2021-04-04","11:27","On Demand","Selena Samuela",15,"Strength","Upper Body","15 min Chest & Back Strength","2019-06-19 16:16 (-04)",NA,NA,"",NA,NA,NA,87,NA,NA,NA
"137","2021-04-05","9:57","On Demand","Leanne Hainsby",30,"Cycling","Music","30 min Dance Music Ride","2021-04-01 13:25 (-04)",162,90,"42%",64,22.58,11.3,291,143,NA,NA
"138","2021-04-05","10:35","On Demand","Selena Samuela",20,"Strength","Upper Body","20 min Arms & Shoulders Strength","2020-11-25 11:00 (-04)",NA,NA,"",NA,NA,NA,116,NA,NA,NA
"139","2021-04-06","10:39","On Demand","Hannah Frankson",30,"Cycling","Music","30 min Little Mix Ride","2021-03-08 14:25 (-04)",171,95,"46%",57,22.53,11.27,307,148,NA,NA
"140","2021-04-07","10:22","On Demand","Leanne Hainsby",30,"Cycling","Music","30 min 2000s Pop Ride","2020-09-23 09:30 (-04)",166,92,"44%",60,22.74,11.36,299,145,NA,NA
"141","2021-04-09","10:20","On Demand","Hannah Frankson",30,"Cycling","Music","30 min 2000s Ride","2021-04-03 13:00 (-04)",185,103,"45%",62,24.59,12.3,299,145,NA,NA
"142","2021-04-10","21:04","On Demand","Leanne Hainsby",20,"Cycling","Music","20 min 90s Ride","2021-04-07 08:55 (-04)",112,93,"38%",76,24.41,8.14,190,140,NA,NA
"143","2021-04-11","15:54","On Demand","Leanne Hainsby",30,"Cycling","Music","30 min 2010s Ride","2021-04-06 13:25 (-04)",187,104,"43%",68,25.28,12.65,304,147,NA,NA
"144","2021-04-12","20:44","On Demand","Leanne Hainsby",45,"Cycling","Music","45 min 2010s Ride","2021-02-18 14:24 (-04)",262,97,"43%",64,23.77,17.83,443,144,NA,NA
"145","2021-04-16","20:41","On Demand","Hannah Frankson",45,"Cycling","Music","45 min 2010s Ride","2021-02-20 05:00 (-04)",210,78,"39%",67,22.11,16.59,359,128,NA,NA
"146","2021-04-18","11:02","On Demand","Hannah Frankson",20,"Cycling","Music","20 min 2000s Pop Ride","2021-04-10 03:42 (-04)",111,93,"46%",58,23.53,7.84,180,136,NA,NA
"147","2021-04-20","21:09","On Demand","Hannah Frankson",30,"Cycling","Music","30 min Pop Ride","2021-04-12 13:25 (-04)",178,99,"45%",60,23.29,11.65,297,144,NA,NA
"148","2021-04-22","12:42","On Demand","Hannah Frankson",45,"Cycling","Music","45 min 2010s Ride","2021-04-19 13:25 (-04)",214,79,"39%",66,21.45,16.09,484,152,NA,NA
"149","2021-04-22","17:29","On Demand","Hannah Frankson",30,"Cycling","Music","30 min 2010s Ride","2021-04-17 04:25 (-04)",160,89,"42%",63,22.14,11.07,305,148,NA,NA
"150","2021-04-22","18:02","On Demand","Hannah Frankson",10,"Strength","Arms & Light Weights","10 min Arms & Light Weights","2021-04-09 09:32 (-04)",NA,NA,"",NA,NA,NA,58,NA,NA,NA
"151","2021-04-24","20:51","On Demand","Hannah Frankson",30,"Cycling","Music","30 min 2010s Ride","2021-04-17 04:25 (-04)",164,91,"44%",58,21.77,10.9,279,139,NA,NA
"152","2021-04-25","20:42","On Demand","Leanne Hainsby",45,"Cycling","Music","45 min Pop Ride","2021-04-25 06:55 (-04)",239,89,"42%",60,21.81,16.37,423,141,NA,NA
"153","2021-04-27","9:47","On Demand","Leanne Hainsby",45,"Cycling","Music","45 min Pop Ride","2021-04-25 06:55 (-04)",234,87,"44%",56,21.65,16.24,418,140,NA,NA
"154","2021-04-29","14:14","On Demand","Hannah Frankson",45,"Cycling","Music","45 min Pop Ride","2021-03-27 06:55 (-04)",245,91,"44%",61,22.66,16.99,483,153,NA,NA
"155","2021-04-30","21:31","On Demand","Leanne Hainsby",30,"Cycling","Music","30 min Pop Ride","2021-04-30 07:25 (-04)",164,91,"40%",70,23.63,11.81,296,144,NA,NA
"156","2021-05-02","12:15","On Demand","Leanne Hainsby",30,"Cycling","Music","30 min 2010s Ride","2021-05-01 05:55 (-04)",171,95,"43%",61,22.88,11.44,322,152,NA,NA
"157","2021-05-02","12:55","On Demand","Hannah Frankson",5,"Cycling","Warm Up/Cool Down","5 min AT's Ride to Greatness: Warm Up","2021-04-30 09:00 (-04)",18,60,"27%",91,19.79,1.67,43,137,NA,NA
"158","2021-05-02","13:14","On Demand","Jess King",30,"Cycling","Music","30 min The Weeknd Ride","2020-08-26 19:19 (-04)",150,83,"38%",72,22.06,11.04,295,144,NA,NA
"159","2021-05-04","20:46","On Demand","Ally Love",30,"Cycling","Theme","30 min Feel Good Ride","2021-05-02 11:51 (-04)",175,97,"44%",64,24.45,12.23,292,143,NA,NA
"160","2021-05-06","16:50","Live","Ally Love",30,"Cycling","Theme","30 min Feel Good Ride","2021-05-02 11:51 (-04)",0,0,"0%",0,0,0,0,NA,NA,NA
"161","2021-05-06","16:50","Live","Ally Love",30,"Cycling","Theme","30 min Feel Good Ride","2021-05-02 11:51 (-04)",0,0,"0%",0,0,0,0,NA,NA,NA
"162","2021-05-06","16:49","On Demand","Ally Love",30,"Cycling","Theme","30 min Feel Good Ride","2021-05-02 11:51 (-04)",170,95,"40%",71,24.37,12.07,318,152,NA,NA
"163","2021-05-08","17:39","Live","Leanne Hainsby",30,"Cycling","Music","30 min 2010s Ride","2021-05-05 10:00 (-04)",166,92,"40%",71,23.43,11.72,305,148,NA,NA
"164","2021-05-10","11:29","Live","Hannah Frankson",30,"Cycling","Music","30 min 2010s Ride","2021-05-08 04:25 (-04)",162,90,"45%",57,21.68,10.85,273,138,NA,NA
"165","2021-05-11","16:38","On Demand","Hannah Frankson",30,"Cycling","Music","30 min Pop Ride","2021-05-10 13:25 (-04)",177,98,"43%",62,22.76,11.38,293,143,NA,NA
"166","2021-05-12","16:34","On Demand","Hannah Frankson",45,"Cycling","Music","45 min Pop Ride","2021-03-27 06:55 (-04)",242,89,"46%",56,21.13,15.85,424,142,NA,NA
"167","2021-05-12","17:25","On Demand","Jess Sims",10,"Strength","Upper Body","10 min Arms & Shoulders Strength","2021-05-10 10:00 (-04)",NA,NA,"",NA,NA,NA,64,NA,NA,NA
"168","2021-05-13","16:48","On Demand","Leanne Hainsby",20,"Cycling","Theme","20 min APIHM Celebration Ride","2021-05-11 08:55 (-04)",114,95,"44%",60,23.09,7.71,172,133,NA,NA
"169","2021-05-13","17:14","On Demand","Hannah Frankson",20,"Cycling","Music","20 min Pop Ride","2021-05-13 14:00 (-04)",110,92,"39%",75,23.87,7.95,199,145,NA,NA
"170","2021-05-13","17:38","On Demand","Rebecca Kennedy",10,"Strength","Upper Body","10 min Upper Body Strength","2021-05-11 10:00 (-04)",NA,NA,"",NA,NA,NA,58,NA,NA,NA
"171","2021-05-18","18:48","On Demand","Ally Love",30,"Cycling","Music","30 min 90s Ride","2021-05-13 07:50 (-04)",136,76,"42%",57,21.03,10.53,256,133,NA,NA
"172","2021-05-18","19:42","On Demand","Hannah Frankson",30,"Cycling","Music","30 min EDM Ride","2021-05-17 13:24 (-04)",238,132,"45%",73,28.73,14.37,293,134.31,NA,NA
"173","2021-05-19","19:35","On Demand","Hannah Frankson",30,"Cycling","Music","30 min EDM Ride","2021-05-17 13:24 (-04)",167,93,"41%",70,24.04,12.02,291,143,NA,NA
"174","2021-05-20","17:29","On Demand","Leanne Hainsby",30,"Cycling","Music","30 min 2010s Ride","2021-05-05 10:00 (-04)",162,90,"44%",62,23.09,11.56,280,139,NA,NA
"175","2021-05-22","13:31","On Demand","Hannah Frankson",45,"Cycling","Music","45 min Pop Ride","2021-03-27 06:55 (-04)",239,89,"44%",61,22.27,16.7,467,150,NA,NA
"176","2021-05-24","18:49","On Demand","Leanne Hainsby",30,"Cycling","Beginner","30 min Advanced Beginner Ride","2021-05-24 01:10 (-04)",146,81,"38%",68,22.64,11.33,245,131,NA,NA
"177","2021-05-27","16:42","On Demand","Leanne Hainsby",30,"Cycling","Music","30 min 2000s Pop Ride","2021-05-26 12:25 (-04)",159,88,"42%",60,22.53,11.27,246,NA,NA,NA
"178","2021-06-14","19:39","On Demand","Leanne Hainsby",30,"Cycling","Music","30 min 2010s Ride","2021-06-09 12:25 (-04)",165,92,"40%",54,22.34,11.17,306,147,NA,NA
"179","2021-06-15","20:32","On Demand","Hannah Frankson",30,"Cycling","Music","30 min 2010s Ride","2021-06-11 08:55 (-04)",154,86,"38%",55,21.42,10.72,279,139,NA,NA
"180","2021-06-19","20:31","On Demand","Hannah Frankson",30,"Cycling","Music","30 min 2010s Ride","2021-06-11 08:55 (-04)",170,94,"35%",67,23.79,11.89,300,145,NA,NA
"181","2021-06-24","11:18","On Demand","Hannah Frankson",20,"Cycling","Music","20 min Pop Ride","2021-06-04 13:00 (-04)",110,92,"38%",58,22.93,7.64,189,142,NA,NA
"182","2021-06-25","10:31","On Demand","Hannah Frankson",20,"Cycling","Music","20 min Pop Ride","2021-06-04 13:00 (-04)",104,87,"37%",59,23.01,7.68,181,137,NA,NA
"183","2021-06-27","10:03","On Demand","Leanne Hainsby",20,"Cycling","Music","20 min New Tracks Ride","2021-06-15 08:55 (-04)",103,86,"40%",53,22,7.34,167,132,NA,NA
"184","2021-06-28","19:55","On Demand","Hannah Frankson",20,"Cycling","Music","20 min Hip Hop Ride","2021-06-23 14:55 (-04)",101,84,"37%",59,22.21,7.42,177,135,NA,NA
"185","2021-08-17","14:39","On Demand","Leanne Hainsby",20,"Cycling","Music","20 min 90s Pop Ride","2021-08-10 08:55 (-04)",103,86,"37%",56,22.39,7.47,200,144,NA,NA
"186","2021-08-17","15:07","On Demand","Selena Samuela",20,"Strength","Full Body","20 min Full Body Strength","2021-06-11 10:00 (-04)",NA,NA,"",NA,NA,NA,115,NA,NA,NA
"187","2021-08-17","15:31","On Demand","Chelsea Jackson Roberts",5,"Yoga","Restorative","5 min Savasana","2021-08-17 10:00 (-04)",NA,NA,"",NA,NA,NA,6,NA,NA,NA
"188","2021-08-25","19:50","On Demand","Hannah Frankson",30,"Cycling","Music","30 min 2010s Ride","2021-08-16 13:25 (-04)",161,90,"38%",55,22.79,11.39,296,145,NA,NA
"189","2021-09-02","10:32","On Demand","Matt Wilpers",15,"Cycling","Power Zone","15 min Intro to Power Zone Ride","2020-12-23 11:00 (-04)",83,93,"29%",76,24.91,6.23,129,NA,NA,NA
"190","2021-09-02","10:51","On Demand","Matt Wilpers",20,"Cycling","Power Zone","20 min Power Zone Beginner Ride","2021-01-02 10:00 (-04)",100,83,"28%",74,23.54,7.85,209,149,NA,NA
"191","2021-09-02","11:18","On Demand","Matt Wilpers",15,"Cycling","Power Zone","15 min Intro to Power Zone Ride","2020-12-23 11:00 (-04)",69,77,"28%",73,22.45,5.62,157,148,NA,NA
"192","2021-09-02","11:36","On Demand","Matt Wilpers",5,"Cycling","Warm Up/Cool Down","5 min Cool Down Ride","2021-08-16 09:00 (-04)",15,49,"21%",78,18.52,1.56,43,136,NA,NA
"193","2021-09-02","11:47","On Demand","Olivia Amato",10,"Strength","Warm Up","10 min Full Body Strength Warm Up","2021-04-23 09:00 (-04)",NA,NA,"",NA,NA,NA,58,NA,NA,NA
"194","2021-09-02","12:02","On Demand","Matty & Olivia ",30,"Strength","Bodyweight","30 min Bodyweight Strength","2021-04-23 17:49 (-04)",NA,NA,"",NA,NA,NA,173,NA,NA,NA
"195","2021-09-02","12:34","On Demand","Matty Maggiacomo",10,"Stretching","Full Body Stretch","10 min Full Body Stretch","2021-04-23 09:00 (-04)",NA,NA,"",NA,NA,NA,29,NA,NA,NA
"196","2021-09-02","12:46","On Demand","Selena Samuela",10,"Strength","Upper Body","10 min Arms & Shoulders Strength","2021-08-25 10:00 (-04)",NA,NA,"",NA,NA,NA,58,NA,NA,NA
"197","2021-09-03","10:53","On Demand","Denis Morton",10,"Cycling","Power Zone","10 min FTP Warm Up Ride","2021-02-13 13:00 (-04)",53,88,"31%",68,23.24,3.88,96,141,NA,NA
"198","2021-09-03","11:04","On Demand","Denis Morton",20,"Cycling","Power Zone","20 min FTP Test Ride","2021-02-27 15:00 (-04)",112,93,"31%",70,24,8,219,154,NA,NA
"199","2021-09-03","11:30","On Demand","Olivia Amato",10,"Strength","Warm Up","10 min Full Body Strength Warm Up","2021-04-23 09:00 (-04)",NA,NA,"",NA,NA,NA,58,NA,NA,NA
"200","2021-09-12","11:36","On Demand","Matt Wilpers",30,"Cycling","Power Zone","30 min Power Zone Hip Hop Ride","2021-03-09 14:00 (-04)",172,95,"37%",60,24.22,12.12,296,143,NA,NA
"201","2021-09-12","12:08","On Demand","Matt Wilpers",5,"Cycling","Warm Up/Cool Down","5 min Cool Down Ride","2021-08-16 09:00 (-04)",18,61,"21%",87,20.76,1.72,44,137,NA,NA
"202","2021-09-12","12:18","On Demand","Olivia Amato",10,"Strength","Warm Up","10 min Full Body Strength Warm Up","2021-04-23 09:00 (-04)",NA,NA,"",NA,NA,NA,58,NA,NA,NA
"203","2021-09-12","12:31","On Demand","Matty Maggiacomo",30,"Strength","Bodyweight","30 min Bodyweight Strength","2021-04-23 09:00 (-04)",NA,NA,"",NA,NA,NA,173,NA,NA,NA
"204","2021-09-12","13:22","On Demand","Matty Maggiacomo",10,"Stretching","Full Body Stretch","10 min Full Body Stretch","2021-04-23 09:00 (-04)",NA,NA,"",NA,NA,NA,29,NA,NA,NA
"205","2021-09-14","6:57","On Demand","Olivia Amato",10,"Strength","Warm Up","10 min Full Body Strength Warm Up","2021-04-23 09:00 (-04)",NA,NA,"",NA,NA,NA,58,NA,NA,NA
"206","2021-09-14","7:08","On Demand","Olivia Amato",30,"Strength","Bodyweight","30 min Bodyweight Strength","2021-04-23 09:00 (-04)",NA,NA,"",NA,NA,NA,173,NA,NA,NA
"207","2021-09-14","7:41","On Demand","Matty Maggiacomo",10,"Stretching","Full Body Stretch","10 min Full Body Stretch","2021-04-23 09:00 (-04)",NA,NA,"",NA,NA,NA,29,NA,NA,NA
"208","2021-09-26","20:05","On Demand","Denis Morton",45,"Cycling","Power Zone","45 min Power Zone Ride","2021-02-09 12:19 (-04)",229,85,"36%",75,23.06,17.3,483,151,NA,NA
"209","2021-09-26","20:52","On Demand","Denis Morton",5,"Cycling","Warm Up/Cool Down","5 min Cool Down Ride","2021-09-20 09:00 (-04)",19,62,"28%",85,20.41,1.71,52,150,NA,NA
"210","2021-09-26","21:01","On Demand","Denis Morton",5,"Stretching","Pre & Post-Ride Stretch","5 min Post-Ride Stretch","2021-05-21 09:00 (-04)",NA,NA,"",NA,NA,NA,14,NA,NA,NA
"211","2021-09-26","21:08","On Demand","Olivia Amato",10,"Strength","Warm Up","10 min Full Body Strength Warm Up","2021-04-23 09:00 (-04)",NA,NA,"",NA,NA,NA,58,NA,NA,NA
"212","2021-12-20","8:32","On Demand","Matt Wilpers",15,"Cycling","Power Zone","15 min Intro to Power Zone Ride","2020-12-23 10:00 (-05)",61,67,"34%",74,21.5,5.38,114,124,NA,NA
"213","2021-12-20","8:51","On Demand","Matt Wilpers",20,"Cycling","Power Zone","20 min Power Zone Beginner Ride","2021-01-02 09:00 (-05)",74,62,"33%",72,20.18,6.73,176,135,NA,NA
"214","2021-12-20","9:13","On Demand","Matt Wilpers",5,"Cycling","Warm Up/Cool Down","5 min Cool Down Ride","2021-08-16 08:00 (-05)",18,60,"30%",81,20.25,1.69,45,138,NA,NA
"215","2021-12-20","9:20","On Demand","Matt Wilpers",5,"Stretching","Pre & Post-Ride Stretch","5 min Post-Ride Stretch","2021-08-16 08:00 (-05)",NA,NA,"",NA,NA,NA,14,NA,NA,NA
"216","2022-01-05","9:04","On Demand","Matt Wilpers",15,"Cycling","Power Zone","15 min Intro to Power Zone Ride","2020-12-23 10:00 (-05)",73,82,"35%",78,23.59,5.91,128,131,NA,NA
"217","2022-01-05","9:23","On Demand","Matt Wilpers",20,"Cycling","Power Zone","20 min Power Zone Beginner Ride","2021-01-02 09:00 (-05)",87,73,"32%",83,22.45,7.48,193,142,NA,NA
"218","2022-01-05","9:46","On Demand","Matt Wilpers",5,"Cycling","Warm Up/Cool Down","5 min Cool Down Ride","2021-08-16 08:00 (-05)",17,55,"30%",78,19.34,1.64,39,128,NA,NA
"219","2022-01-05","9:53","On Demand","Matt Wilpers",5,"Stretching","Pre & Post-Ride Stretch","5 min Post-Ride Stretch","2021-08-16 08:00 (-05)",NA,NA,"",NA,NA,NA,14,NA,NA,NA
"220","2022-01-05","10:23","On Demand","Olivia Amato",10,"Strength","Warm Up","10 min Full Body Strength Warm Up","2021-04-23 08:00 (-05)",NA,NA,"",NA,NA,NA,58,NA,NA,NA
"221","2022-01-05","10:34","On Demand","Matty & Olivia ",30,"Strength","Bodyweight","30 min Bodyweight Strength","2021-04-23 16:49 (-05)",NA,NA,"",NA,NA,NA,173,NA,NA,NA
"222","2022-01-06","9:59","On Demand","Denis Morton",10,"Cycling","Power Zone","10 min FTP Warm Up Ride","2021-02-13 12:00 (-05)",45,74,"32%",81,21.98,3.67,86,131,NA,NA
"223","2022-01-06","10:11","On Demand","Denis Morton",20,"Cycling","Power Zone","20 min FTP Test Ride","2021-02-27 14:00 (-05)",95,79,"36%",74,23.11,7.71,211,150,NA,NA
"224","2022-01-06","10:34","On Demand","Denis Morton",5,"Cycling","Warm Up/Cool Down","5 min Cool Down Ride","2021-09-20 08:00 (-05)",13,44,"28%",74,17.36,1.46,40,135,NA,NA
"225","2022-01-06","10:56","On Demand","Andy Speer",10,"Stretching","Warm Up","10 min Strength-Focus Warm Up","2019-12-10 11:00 (-05)",NA,NA,"",NA,NA,NA,58,NA,NA,NA
"226","2022-01-06","11:09","On Demand","Andy Speer",30,"Strength","Upper Body","30 min Upper Body Strength","2019-12-10 11:00 (-05)",NA,NA,"",NA,NA,NA,175,NA,NA,NA
"227","2022-01-07","16:25","On Demand","Christine D'Ercole",30,"Cycling","Power Zone","30 min Power Zone Endurance Ride","2021-03-09 13:00 (-05)",120,67,"32%",79,21.68,10.85,257,133,NA,NA
"228","2022-01-07","17:00","On Demand","Matty Maggiacomo",10,"Stretching","Full Body Stretch","10 min Full Body Stretch","2021-04-23 08:00 (-05)",NA,NA,"",NA,NA,NA,29,NA,NA,NA
"229","2022-01-07","17:39","On Demand","Andy Speer",10,"Stretching","Full Body Stretch","10 min Post-Strength Stretch","2019-12-10 11:10 (-05)",NA,NA,"",NA,NA,NA,29,NA,NA,NA
"230","2022-01-07","17:52","On Demand","Andy Speer",10,"Stretching","Warm Up","10 min Strength-Focus Warm Up","2019-12-10 11:00 (-05)",NA,NA,"",NA,NA,NA,58,NA,NA,NA
"231","2022-01-07","18:02","On Demand","Andy Speer",30,"Strength","Lower Body","30 min Lower Body Strength","2019-12-10 11:10 (-05)",NA,NA,"",NA,NA,NA,172,NA,NA,NA
"232","2022-01-07","18:33","On Demand","Andy Speer",10,"Stretching","Full Body Stretch","10 min Post-Strength Stretch","2019-12-10 11:10 (-05)",NA,NA,"",NA,NA,NA,29,NA,NA,NA
"233","2022-01-08","12:14","On Demand","Matt Wilpers",20,"Cycling","Low Impact","20 min Low Impact Ride","2021-01-30 14:30 (-05)",78,65,"34%",73,21.57,7.19,165,129,NA,NA
"234","2022-01-08","12:46","On Demand","Andy Speer",10,"Stretching","Warm Up","10 min Strength-Focus Warm Up","2019-12-10 11:00 (-05)",NA,NA,"",NA,NA,NA,58,NA,NA,NA
"235","2022-01-08","13:04","On Demand","Andy Speer",30,"Strength","Full Body","30 min Full Body Strength","2019-12-10 11:20 (-05)",NA,NA,"",NA,NA,NA,173,NA,NA,NA
"236","2022-01-08","13:39","On Demand","Andy Speer",10,"Stretching","Full Body Stretch","10 min Post-Strength Stretch","2019-12-10 11:10 (-05)",NA,NA,"",NA,NA,NA,29,NA,NA,NA
"237","2022-01-10","8:54","On Demand","Olivia Amato",30,"Cycling","Power Zone","30 min Power Zone Endurance Ride","2021-02-12 11:25 (-05)",132,73,"31%",84,22.47,11.23,309,148,NA,NA
"238","2022-01-10","9:27","On Demand","Andy Speer",5,"Strength","Full Body","5 min Strength Test Week 1","2019-12-10 11:30 (-05)",NA,NA,"",NA,NA,NA,29,NA,NA,NA
"239","2022-01-12","8:34","On Demand","Matt Wilpers",30,"Cycling","Power Zone","30 min Power Zone Hip Hop Ride","2021-03-09 13:00 (-05)",131,73,"30%",86,22.31,11.15,299,145,NA,NA
"240","2022-01-12","9:08","On Demand","Andy Speer",10,"Stretching","Warm Up","10 min Strength-Focus Warm Up","2019-12-10 11:00 (-05)",NA,NA,"",NA,NA,NA,NA,NA,NA,NA
"241","2022-01-12","9:09","On Demand","Andy Speer",30,"Strength","Upper Body","30 min Upper Body Strength","2019-12-10 11:40 (-05)",NA,NA,"",NA,NA,NA,173,NA,NA,NA
"242","2022-01-12","9:42","On Demand","Andy Speer",10,"Stretching","Full Body Stretch","10 min Post-Strength Stretch","2019-12-10 11:10 (-05)",NA,NA,"",NA,NA,NA,29,NA,NA,NA
"243","2022-01-14","10:29","On Demand","Denis Morton",45,"Cycling","Power Zone","45 min Power Zone Endurance Ride","2021-02-06 11:45 (-05)",188,70,"30%",90,21.9,16.42,470,149,NA,NA
"244","2022-01-14","11:19","On Demand","Denis Morton",20,"Cycling","Power Zone","20 min FTP Test Ride","2021-02-27 14:00 (-05)",112,93,"37%",80,25.12,8.37,253,168,NA,NA
"245","2022-01-14","12:01","On Demand","Andy Speer",10,"Stretching","Warm Up","10 min Strength-Focus Warm Up","2019-12-10 11:00 (-05)",NA,NA,"",NA,NA,NA,58,NA,NA,NA
"246","2022-01-14","12:14","On Demand","Andy Speer",30,"Strength","Lower Body","30 min Lower Body Strength","2019-12-10 11:50 (-05)",NA,NA,"",NA,NA,NA,173,NA,NA,NA
"247","2022-01-14","12:53","On Demand","Andy Speer",10,"Stretching","Full Body Stretch","10 min Post-Strength Stretch","2019-12-10 11:10 (-05)",NA,NA,"",NA,NA,NA,29,NA,NA,NA
"248","2022-01-15","14:16","On Demand","Olivia Amato",30,"Cycling","Power Zone","30 min Power Zone Endurance Ride","2021-02-05 11:24 (-05)",130,72,"31%",89,22.37,11.18,304,146,NA,NA
"249","2022-01-15","15:00","On Demand","Andy Speer",10,"Stretching","Warm Up","10 min Strength-Focus Warm Up","2019-12-10 11:00 (EDT)",NA,NA,"",NA,NA,NA,77,126.29,NA,NA
"250","2022-01-15","15:12","On Demand","Andy Speer",30,"Strength","Full Body","30 min Full Body Strength","2019-12-10 12:00 (EDT)",NA,NA,"",NA,NA,NA,251,132.43,NA,NA
"251","2022-01-15","15:47","On Demand","Andy Speer",10,"Stretching","Full Body Stretch","10 min Post-Strength Stretch","2019-12-10 11:10 (EDT)",NA,NA,"",NA,NA,NA,54,106.11,NA,NA
"252","2022-01-18","18:39","On Demand","Matt Wilpers",45,"Cycling","Power Zone","45 min Power Zone Endurance Ride","2021-03-03 05:52 (-05)",167,62,"29%",84,20.41,15.32,401,136,NA,NA
"253","2022-01-20","10:48","On Demand","Christine D'Ercole",30,"Cycling","Power Zone","30 min Power Zone Ride","2021-02-10 07:50 (-05)",132,73,"30%",87,22.16,11.09,279,139,NA,NA
"254","2022-01-20","11:36","On Demand","Andy Speer",10,"Stretching","Warm Up","10 min Strength-Focus Warm Up","2019-12-10 11:00 (-05)",NA,NA,"",NA,NA,NA,58,NA,NA,NA
"255","2022-01-20","11:47","On Demand","Andy Speer",30,"Strength","Full Body","30 min Full Body Strength","2019-12-10 12:10 (-05)",NA,NA,"",NA,NA,NA,173,NA,NA,NA
"256","2022-01-20","12:43","On Demand","Andy Speer",10,"Stretching","Full Body Stretch","10 min Post-Strength Stretch","2019-12-10 11:10 (-05)",NA,NA,"",NA,NA,NA,0,NA,NA,NA
"257","2022-01-20","12:43","On Demand","Andy Speer",10,"Stretching","Warm Up","10 min Strength-Focus Warm Up","2019-12-10 11:00 (-05)",NA,NA,"",NA,NA,NA,NA,NA,NA,NA
"258","2022-01-20","12:45","On Demand","Andy Speer",30,"Strength","Upper Body","30 min Upper Body Strength","2019-12-10 12:20 (-05)",NA,NA,"",NA,NA,NA,171,NA,NA,NA
"259","2022-01-20","13:17","On Demand","Andy Speer",10,"Stretching","Full Body Stretch","10 min Post-Strength Stretch","2019-12-10 11:10 (-05)",NA,NA,"",NA,NA,NA,29,NA,NA,NA
"260","2022-01-23","13:22","On Demand","Matt Wilpers",45,"Cycling","Power Zone","45 min Power Zone Ride","2021-02-03 05:52 (-05)",210,78,"32%",87,23.01,17.27,483,152,NA,NA
"261","2022-01-23","14:22","On Demand","Andy Speer",10,"Stretching","Warm Up","10 min Strength-Focus Warm Up","2019-12-10 11:00 (-05)",NA,NA,"",NA,NA,NA,58,NA,NA,NA
"262","2022-01-23","14:36","On Demand","Andy Speer",30,"Strength","Lower Body","30 min Lower Body Strength","2019-12-10 12:30 (-05)",NA,NA,"",NA,NA,NA,173,NA,NA,NA
"263","2022-01-23","15:09","On Demand","Andy Speer",10,"Stretching","Full Body Stretch","10 min Post-Strength Stretch","2019-12-10 11:10 (-05)",NA,NA,"",NA,NA,NA,29,NA,NA,NA
"264","2022-01-23","15:20","On Demand","Andy Speer",10,"Stretching","Warm Up","10 min Strength-Focus Warm Up","2019-12-10 11:00 (-05)",NA,NA,"",NA,NA,NA,1,NA,NA,NA
"265","2022-01-23","15:21","On Demand","Andy Speer",30,"Strength","Full Body","30 min Full Body Complexes","2019-12-10 12:40 (-05)",NA,NA,"",NA,NA,NA,173,NA,NA,NA
"266","2022-01-23","15:54","On Demand","Andy Speer",10,"Stretching","Full Body Stretch","10 min Post-Strength Stretch","2019-12-10 11:10 (-05)",NA,NA,"",NA,NA,NA,29,NA,NA,NA
"267","2022-01-24","12:07","On Demand","Denis Morton",30,"Cycling","Power Zone","30 min Power Zone Endurance 80s Ride","2021-02-16 07:53 (-05)",128,71,"30%",89,22.34,11.17,247,130,NA,NA
"268","2022-01-27","10:52","On Demand","Denis Morton",45,"Cycling","Power Zone","45 min Power Zone Ride","2021-02-09 11:19 (-05)",211,78,"32%",87,23.01,17.27,478,151,NA,NA
"269","2022-01-27","11:42","On Demand","Andy Speer",10,"Stretching","Warm Up","10 min Strength-Focus Warm Up","2019-12-10 11:00 (-05)",NA,NA,"",NA,NA,NA,0,NA,NA,NA
"270","2022-01-27","11:43","On Demand","Andy Speer",30,"Strength","Full Body","30 min Full Body Strength","2019-12-10 12:50 (-05)",NA,NA,"",NA,NA,NA,173,NA,NA,NA
"271","2022-01-27","12:15","On Demand","Andy Speer",10,"Stretching","Full Body Stretch","10 min Post-Strength Stretch","2019-12-10 11:10 (-05)",NA,NA,"",NA,NA,NA,29,NA,NA,NA
"272","2022-01-29","11:41","On Demand","Olivia Amato",45,"Cycling","Power Zone","45 min Power Zone Ride","2021-02-09 07:53 (-05)",212,79,"32%",86,23.17,17.38,462,148,NA,NA
"273","2022-01-29","12:32","On Demand","Andy Speer",10,"Stretching","Warm Up","10 min Strength-Focus Warm Up","2019-12-10 11:00 (-05)",NA,NA,"",NA,NA,NA,NA,NA,NA,NA
"274","2022-01-29","12:32","On Demand","Andy Speer",30,"Strength","Upper Body","30 min Upper Body Strength","2019-12-10 13:00 (-05)",NA,NA,"",NA,NA,NA,173,NA,NA,NA
"275","2022-01-29","13:04","On Demand","Andy Speer",10,"Stretching","Full Body Stretch","10 min Post-Strength Stretch","2019-12-10 11:10 (-05)",NA,NA,"",NA,NA,NA,NA,NA,NA,NA
"276","2022-01-29","13:04","On Demand","Andy Speer",10,"Stretching","Warm Up","10 min Strength-Focus Warm Up","2019-12-10 11:00 (-05)",NA,NA,"",NA,NA,NA,NA,NA,NA,NA
"277","2022-01-29","13:05","On Demand","Andy Speer",30,"Strength","Lower Body","30 min Lower Body Strength","2019-12-10 13:10 (-05)",NA,NA,"",NA,NA,NA,173,NA,NA,NA
"278","2022-01-29","13:37","On Demand","Andy Speer",10,"Stretching","Full Body Stretch","10 min Post-Strength Stretch","2019-12-10 11:10 (-05)",NA,NA,"",NA,NA,NA,29,NA,NA,NA
"279","2022-01-30","12:07","On Demand","Christine D'Ercole",30,"Cycling","Power Zone","30 min Power Zone Endurance Ride","2021-02-22 17:00 (-05)",0,0,"0%",0,0,0,0,NA,NA,NA
"280","2022-01-30","12:11","On Demand","Matt Wilpers",60,"Cycling","Power Zone","60 min Power Zone Endurance Ride","2021-01-30 07:52 (-05)",251,70,"31%",86,22.21,22.21,597,145,NA,NA
"281","2022-01-30","13:17","On Demand","Andy Speer",10,"Stretching","Warm Up","10 min Strength-Focus Warm Up","2019-12-10 11:00 (-05)",NA,NA,"",NA,NA,NA,58,NA,NA,NA
"282","2022-01-30","13:28","On Demand","Andy Speer",30,"Strength","Full Body","30 min Full Body Complexes","2019-12-10 13:20 (-05)",NA,NA,"",NA,NA,NA,173,NA,NA,NA
"283","2022-01-30","14:05","On Demand","Andy Speer",10,"Stretching","Full Body Stretch","10 min Post-Strength Stretch","2019-12-10 11:10 (-05)",NA,NA,"",NA,NA,NA,29,NA,NA,NA
"284","2022-02-01","12:14","On Demand","Christine D'Ercole",30,"Cycling","Power Zone","30 min Power Zone Endurance Ride","2021-02-22 17:00 (-05)",135,75,"30%",90,22.97,11.49,259,134,NA,NA
"285","2022-02-01","12:47","On Demand","Andy Speer",10,"Stretching","Warm Up","10 min Strength-Focus Warm Up","2019-12-10 11:00 (-05)",NA,NA,"",NA,NA,NA,2,NA,NA,NA
"286","2022-02-01","12:47","On Demand","Andy Speer",5,"Strength","Full Body","5 min Strength Test Week 4","2019-12-10 13:30 (-05)",NA,NA,"",NA,NA,NA,29,NA,NA,NA
"287","2022-02-01","12:54","On Demand","Andy Speer",10,"Stretching","Full Body Stretch","10 min Post-Strength Stretch","2019-12-10 11:10 (-05)",NA,NA,"",NA,NA,NA,24,NA,NA,NA
"288","2022-02-01","16:20","On Demand","Alex Toussaint",30,"Cycling","Theme","30 min AT's Ride to Greatness","2022-01-31 18:26 (-05)",4,72,"29%",94,22.66,0.32,4,103.85,NA,NA
"289","2022-02-02","17:15","On Demand","Denis Morton",45,"Cycling","Power Zone","45 min Power Zone Endurance Ride","2021-02-23 07:52 (-05)",197,73,"32%",85,22.64,16.99,410,138,NA,NA
"290","2022-02-02","18:07","On Demand","Andy Speer",5,"Strength","Full Body","5 min Strength Test Week 4","2019-12-10 13:30 (-05)",NA,NA,"",NA,NA,NA,29,NA,NA,NA
"291","2022-02-07","9:20","On Demand","Denis Morton",45,"Cycling","Power Zone","45 min Power Zone Endurance Ride","2021-02-23 07:52 (-05)",227,84,"34%",83,23.91,17.93,476,150,NA,NA
"292","2022-02-10","16:08","On Demand","Denis Morton",45,"Cycling","Power Zone","45 min Power Zone Endurance Ride","2021-02-23 07:52 (-05)",219,81,"33%",86,23.63,17.72,475,151,NA,NA
"293","2022-02-11","10:28","On Demand","Matt Wilpers",45,"Cycling","Power Zone","45 min Power Zone Endurance Ride","2021-04-23 08:00 (-05)",1,26,"21%",69,12.89,0.1,2,96,NA,NA
"294","2022-02-11","10:30","On Demand","Denis Morton",20,"Cycling","Power Zone","20 min FTP Test Ride","2021-02-27 14:00 (-05)",112,93,"33%",89,24.61,8.21,193,144,NA,NA
"295","2022-02-11","10:54","On Demand","Matt Wilpers",45,"Cycling","Power Zone","45 min Power Zone Endurance Ride","2021-04-23 08:00 (-05)",178,66,"30%",86,21.6,16.21,456,147,NA,NA
"296","2022-02-12","11:56","On Demand","Olivia Amato",45,"Cycling","Power Zone","45 min Power Zone Endurance Ride","2021-04-23 08:00 (-05)",213,79,"31%",89,23.4,17.56,474,151,NA,NA
"297","2022-02-12","12:44","On Demand","Andy Speer",10,"Strength","Warm Up","10 min Warm Up","2021-12-20 10:00 (-05)",NA,NA,"",NA,NA,NA,56,NA,NA,NA
"298","2022-02-12","12:56","On Demand","Andy Speer",30,"Strength","Full Body","30 min Full Body Strength","2021-12-20 10:00 (-05)",NA,NA,"",NA,NA,NA,168,NA,NA,NA
"299","2022-02-12","13:29","On Demand","Andy Speer",10,"Stretching","Full Body Stretch","10 min Stretch","2021-12-20 10:00 (-05)",NA,NA,"",NA,NA,NA,28,NA,NA,NA
"300","2022-02-15","16:42","On Demand","Christine D'Ercole",60,"Cycling","Power Zone","60 min Power Zone Endurance Ride","2021-04-23 08:00 (-05)",288,80,"31%",89,23.53,23.53,556,140,NA,NA
"301","2022-02-15","17:46","On Demand","Andy Speer",10,"Strength","Warm Up","10 min Warm Up","2021-12-20 10:00 (-05)",NA,NA,"",NA,NA,NA,0,NA,NA,NA
"302","2022-02-15","17:47","On Demand","Andy Speer",30,"Strength","Full Body","30 min Full Body Strength","2021-12-20 10:00 (-05)",NA,NA,"",NA,NA,NA,168,NA,NA,NA
"303","2022-02-15","18:19","On Demand","Andy Speer",10,"Stretching","Full Body Stretch","10 min Stretch","2021-12-20 10:00 (-05)",NA,NA,"",NA,NA,NA,28,NA,NA,NA
"304","2022-02-17","17:00","On Demand","Denis Morton",20,"Cycling","Power Zone","20 min FTP Test Ride","2021-02-27 14:00 (-05)",116,96,"37%",80,25.41,8.47,179,136,NA,NA
"305","2022-02-17","17:24","On Demand","Andy Speer",10,"Strength","Warm Up","10 min Warm Up","2021-12-20 10:00 (-05)",NA,NA,"",NA,NA,NA,11,NA,NA,NA
"306","2022-02-17","17:27","On Demand","Andy Speer",45,"Strength","Full Body","45 min Full Body Strength","2021-12-20 10:00 (-05)",NA,NA,"",NA,NA,NA,252,NA,NA,NA
"307","2022-02-17","18:13","On Demand","Andy Speer",10,"Stretching","Full Body Stretch","10 min Stretch","2021-12-20 10:00 (-05)",NA,NA,"",NA,NA,NA,28,NA,NA,NA
"308","2022-02-19","13:37","On Demand","Denis Morton",45,"Cycling","Power Zone","45 min Power Zone Ride","2021-04-23 08:00 (-05)",216,80,"33%",84,23.43,17.57,467,149,NA,NA
"309","2022-02-19","14:27","On Demand","Andy Speer",10,"Strength","Warm Up","10 min Warm Up","2021-12-20 10:00 (-05)",NA,NA,"",NA,NA,NA,2,NA,NA,NA
"310","2022-02-19","14:27","On Demand","Andy Speer",30,"Strength","Full Body","30 min Full Body Strength","2021-12-20 10:00 (-05)",NA,NA,"",NA,NA,NA,168,NA,NA,NA
"311","2022-02-19","15:12","On Demand","Andy Speer",10,"Stretching","Full Body Stretch","10 min Stretch","2021-12-20 10:00 (-05)",NA,NA,"",NA,NA,NA,23,NA,NA,NA
"312","2022-02-21","10:57","On Demand","Ben Alldis",45,"Cycling","Power Zone","45 min Power Zone Endurance Ride","2021-04-23 02:56 (-05)",0,0,"0%",0,0,0,0,NA,NA,NA
"313","2022-02-21","10:58","On Demand","Olivia Amato",60,"Cycling","Power Zone","60 min Power Zone Endurance Ride","2021-04-23 08:00 (-05)",286,79,"34%",87,23.46,23.48,610,148,NA,NA
"314","2022-02-21","12:09","","",5,"Cycling","","5 min Lanebreak Ride","",20,66,"34%",86,21.58,1.8,30,NA,NA,NA
"315","2022-02-21","12:20","On Demand","Andy Speer",10,"Strength","Warm Up","10 min Warm Up","2021-12-20 10:00 (-05)",NA,NA,"",NA,NA,NA,56,NA,NA,NA
"316","2022-02-21","12:30","On Demand","Andy Speer",30,"Strength","Full Body","30 min Full Body Strength","2021-12-20 10:00 (-05)",NA,NA,"",NA,NA,NA,168,NA,NA,NA
"317","2022-02-21","13:06","On Demand","Andy Speer",10,"Stretching","Full Body Stretch","10 min Stretch","2021-12-20 10:00 (-05)",NA,NA,"",NA,NA,NA,28,NA,NA,NA
"318","2022-02-23","12:06","On Demand","Ben Alldis",45,"Cycling","Power Zone","45 min Power Zone Endurance Ride","2021-04-23 02:56 (-05)",222,82,"34%",91,23.82,17.86,413,139,NA,NA
"319","2022-02-23","12:55","On Demand","Andy Speer",10,"Strength","Warm Up","10 min Warm Up","2021-12-20 10:00 (-05)",NA,NA,"",NA,NA,NA,56,NA,NA,NA
"320","2022-02-23","13:08","On Demand","Andy Speer",45,"Strength","Full Body","45 min Full Body Strength","2021-12-20 10:00 (-05)",NA,NA,"",NA,NA,NA,252,NA,NA,NA
"321","2022-02-23","13:55","On Demand","Andy Speer",10,"Stretching","Full Body Stretch","10 min Stretch","2021-12-20 10:00 (-05)",NA,NA,"",NA,NA,NA,28,NA,NA,NA
"322","2022-02-25","11:09","On Demand","Ben Alldis",45,"Cycling","Power Zone","45 min Power Zone Ride","2021-04-23 02:30 (-05)",216,80,"34%",89,23.4,17.56,415,140,NA,NA
"323","2022-02-25","12:01","On Demand","Denis Morton",20,"Cycling","Power Zone","20 min FTP Test Ride","2021-02-27 14:00 (-05)",114,95,"38%",86,25.17,8.4,202,147,NA,NA
"324","2022-02-25","12:26","On Demand","Andy Speer",10,"Strength","Warm Up","10 min Warm Up","2021-12-20 10:00 (-05)",NA,NA,"",NA,NA,NA,56,NA,NA,NA
"325","2022-02-25","12:37","On Demand","Andy Speer",45,"Strength","Full Body","45 min Full Body Strength","2021-12-20 10:00 (-05)",NA,NA,"",NA,NA,NA,252,NA,NA,NA
"326","2022-02-25","13:24","On Demand","Andy Speer",10,"Stretching","Full Body Stretch","10 min Stretch","2021-12-20 10:00 (-05)",NA,NA,"",NA,NA,NA,28,NA,NA,NA
"327","2022-02-27","13:11","On Demand","Christine D'Ercole",45,"Cycling","Power Zone","45 min Power Zone Ride","2021-04-23 08:00 (-05)",219,81,"33%",94,23.51,17.64,461,149,NA,NA
"328","2022-02-27","14:03","On Demand","Andy Speer",10,"Strength","Warm Up","10 min Warm Up","2021-12-20 10:00 (-05)",NA,NA,"",NA,NA,NA,3,NA,NA,NA
"329","2022-02-27","14:06","On Demand","Andy Speer",45,"Strength","Full Body","45 min Full Body Strength","2021-12-20 10:00 (-05)",NA,NA,"",NA,NA,NA,252,NA,NA,NA
"330","2022-02-27","14:53","On Demand","Andy Speer",10,"Stretching","Full Body Stretch","10 min Stretch","2021-12-20 10:00 (-05)",NA,NA,"",NA,NA,NA,28,NA,NA,NA
"331","2022-03-01","10:32","On Demand","Denis Morton",60,"Cycling","Power Zone","60 min Power Zone Endurance Ride","2021-04-23 08:00 (-05)",310,86,"36%",88,24.19,24.19,613,148,NA,NA
"332","2022-03-01","11:36","On Demand","Andy Speer",10,"Strength","Warm Up","10 min Warm Up","2021-12-20 10:00 (-05)",NA,NA,"",NA,NA,NA,43,NA,NA,NA
"333","2022-03-01","11:44","On Demand","Andy Speer",30,"Strength","Full Body","30 min Full Body Strength","2021-12-20 10:00 (-05)",NA,NA,"",NA,NA,NA,168,NA,NA,NA
"334","2022-03-01","12:19","On Demand","Andy Speer",10,"Stretching","Full Body Stretch","10 min Stretch","2021-12-20 10:00 (-05)",NA,NA,"",NA,NA,NA,28,NA,NA,NA
"335","2022-03-04","17:31","On Demand","Andy Speer",10,"Strength","Warm Up","10 min Warm Up","2021-12-20 10:00 (-05)",NA,NA,"",NA,NA,NA,0,NA,NA,NA
"336","2022-03-04","17:32","On Demand","Andy Speer",45,"Strength","Full Body","45 min Full Body Strength","2021-12-20 10:00 (-05)",NA,NA,"",NA,NA,NA,NA,NA,NA,NA
"337","2022-03-04","17:32","On Demand","Andy Speer",10,"Stretching","Full Body Stretch","10 min Stretch","2021-12-20 10:00 (-05)",NA,NA,"",NA,NA,NA,0,NA,NA,NA
"338","2022-03-04","17:32","On Demand","Andy Speer",10,"Strength","Warm Up","10 min Warm Up","2021-12-20 10:00 (-05)",NA,NA,"",NA,NA,NA,0,NA,NA,NA
"339","2022-03-04","17:32","On Demand","Andy Speer",30,"Strength","Full Body","30 min Full Body Strength","2021-12-20 10:00 (-05)",NA,NA,"",NA,NA,NA,NA,NA,NA,NA
"340","2022-03-04","17:33","On Demand","Andy Speer",10,"Stretching","Full Body Stretch","10 min Stretch","2021-12-20 10:00 (-05)",NA,NA,"",NA,NA,NA,28,NA,NA,NA
"341","2022-03-05","11:00","On Demand","Olivia Amato",45,"Cycling","Power Zone","45 min Power Zone Max Ride","2021-04-16 09:03 (-05)",233,86,"35%",86,23.71,17.78,454,147,NA,NA
"342","2022-03-05","11:49","On Demand","Andy Speer",10,"Strength","Warm Up","10 min Warm Up","2021-12-20 10:00 (-05)",NA,NA,"",NA,NA,NA,56,NA,NA,NA
"343","2022-03-05","12:00","On Demand","Andy Speer",45,"Strength","Full Body","45 min Full Body Strength","2021-12-20 10:00 (-05)",NA,NA,"",NA,NA,NA,252,NA,NA,NA
"344","2022-03-06","12:32","On Demand","Matt Wilpers",45,"Cycling","Power Zone","45 min Power Zone Ride","2021-04-23 08:00 (-05)",250,93,"40%",79,24.98,18.72,454,144,NA,NA
"345","2022-03-06","13:28","On Demand","Andy Speer",10,"Strength","Warm Up","10 min Warm Up","2021-12-20 10:00 (-05)",NA,NA,"",NA,NA,NA,56,NA,NA,NA
"346","2022-03-06","13:40","On Demand","Andy Speer",30,"Strength","Full Body","30 min Full Body Strength","2021-12-20 10:00 (-05)",NA,NA,"",NA,NA,NA,168,NA,NA,NA
"347","2022-03-08","19:52","On Demand","Ben Alldis",60,"Cycling","Power Zone","60 min Power Zone Ride","2021-04-23 02:56 (-05)",282,78,"37%",78,22.82,22.82,521,135,NA,NA
"348","2022-03-08","20:57","On Demand","Andy Speer",10,"Strength","Warm Up","10 min Warm Up","2021-12-20 10:00 (-05)",NA,NA,"",NA,NA,NA,36,NA,NA,NA
"349","2022-03-08","21:04","On Demand","Andy Speer",45,"Strength","Full Body","45 min Full Body Strength","2021-12-20 10:00 (-05)",NA,NA,"",NA,NA,NA,6,NA,NA,NA
"350","2022-03-12","10:13","On Demand","Christine D'Ercole",45,"Cycling","Power Zone","45 min Power Zone Endurance Ride","2021-04-23 08:00 (-05)",214,79,"35%",84,23.25,17.45,374,132,NA,NA
"351","2022-03-12","11:07","On Demand","Andy Speer",10,"Strength","Warm Up","10 min Warm Up","2021-12-20 10:00 (-05)",NA,NA,"",NA,NA,NA,3,NA,NA,NA
"352","2022-03-12","11:09","On Demand","Andy Speer",45,"Strength","Full Body","45 min Full Body Strength","2021-12-20 10:00 (-05)",NA,NA,"",NA,NA,NA,252,NA,NA,NA
"353","2022-03-12","11:55","On Demand","Andy Speer",10,"Stretching","Full Body Stretch","10 min Stretch","2021-12-20 10:00 (-05)",NA,NA,"",NA,NA,NA,0,NA,NA,NA
"354","2022-03-12","11:55","On Demand","Andy Speer",10,"Strength","Warm Up","10 min Warm Up","2021-12-20 10:00 (-05)",NA,NA,"",NA,NA,NA,0,NA,NA,NA
"355","2022-03-12","11:56","On Demand","Andy Speer",30,"Strength","Full Body","30 min Full Body Strength","2021-12-20 10:00 (-05)",NA,NA,"",NA,NA,NA,168,NA,NA,NA
"356","2022-03-12","12:28","On Demand","Andy Speer",10,"Stretching","Full Body Stretch","10 min Stretch","2021-12-20 10:00 (-05)",NA,NA,"",NA,NA,NA,28,NA,NA,NA
"357","2022-03-13","14:11","On Demand","Denis Morton",45,"Cycling","Power Zone","45 min Power Zone Endurance Ride","2021-04-23 09:00 (-04)",199,74,"34%",86,22.61,16.96,408,139,NA,NA
"358","2022-03-13","15:03","On Demand","Matt Wilpers",10,"Cycling","Power Zone","10 min FTP Warm Up Ride","2021-04-23 09:00 (-04)",0,0,"22%",0,0,0,0,NA,NA,NA
"359","2022-03-13","15:04","On Demand","Denis Morton",20,"Cycling","Power Zone","20 min FTP Test Ride","2021-02-27 15:00 (-04)",100,84,"36%",84,23.46,7.84,172,136,NA,NA
"360","2022-03-13","15:40","On Demand","Andy Speer",10,"Strength","Warm Up","10 min Warm Up","2021-12-20 11:00 (-04)",NA,NA,"",NA,NA,NA,56,NA,NA,NA
"361","2022-03-13","15:50","On Demand","Andy Speer",45,"Strength","Full Body","45 min Full Body Strength","2021-12-20 11:00 (-04)",NA,NA,"",NA,NA,NA,252,NA,NA,NA
"362","2022-03-13","16:38","On Demand","Andy Speer",10,"Stretching","Full Body Stretch","10 min Stretch","2021-12-20 11:00 (-04)",NA,NA,"",NA,NA,NA,28,NA,NA,NA
"363","2022-03-15","12:08","On Demand","Matt Wilpers",10,"Cycling","Power Zone","10 min FTP Warm Up Ride","2021-04-23 09:00 (-04)",45,75,"34%",87,22.76,3.8,76,127,NA,NA
"364","2022-03-15","12:19","On Demand","Matt Wilpers",20,"Cycling","Power Zone","20 min FTP Test Ride","2021-04-23 09:00 (-04)",121,100,"39%",85,26.06,8.69,195,145,NA,NA
"365","2022-03-15","12:45","On Demand","Andy Speer",10,"Strength","Warm Up","10 min Warm Up","2021-12-20 11:00 (-04)",NA,NA,"",NA,NA,NA,56,NA,NA,NA
"366","2022-03-15","12:56","On Demand","Andy Speer",30,"Strength","Full Body","30 min Full Body Strength","2021-12-20 11:00 (-04)",NA,NA,"",NA,NA,NA,168,NA,NA,NA
"367","2022-03-15","13:33","On Demand","Andy Speer",10,"Stretching","Full Body Stretch","10 min Stretch","2021-12-20 11:00 (-04)",NA,NA,"",NA,NA,NA,28,NA,NA,NA
"368","2022-03-18","12:56","On Demand","Matt Wilpers",20,"Cycling","Power Zone","20 min FTP Test Ride","2021-04-23 09:00 (-04)",120,100,"38%",89,25.73,8.58,188,140,NA,NA
"369","2022-03-18","13:41","On Demand","Andy Speer",45,"Strength","Full Body","45 min Full Body Strength","2021-12-20 11:00 (-04)",NA,NA,"",NA,NA,NA,252,NA,NA,NA
"370","2022-03-18","14:39","On Demand","Andy Speer",30,"Strength","Full Body","30 min Full Body Strength","2021-12-20 11:00 (-04)",NA,NA,"",NA,NA,NA,168,NA,NA,NA
"371","2022-03-19","13:07","On Demand","Matt Wilpers",45,"Cycling","Power Zone","45 min Power Zone Endurance Ride","2021-04-23 09:00 (-04)",214,79,"35%",85,23.42,17.57,398,136,NA,NA
"372","2022-03-19","13:55","On Demand","Andy Speer",10,"Strength","Warm Up","10 min Warm Up","2021-12-20 11:00 (-04)",NA,NA,"",NA,NA,NA,56,NA,NA,NA
"373","2022-03-19","14:06","On Demand","Andy Speer",45,"Strength","Full Body","45 min Full Body Strength","2021-12-20 11:00 (-04)",NA,NA,"",NA,NA,NA,363,130.23,NA,NA
"374","2022-03-19","14:59","On Demand","Andy Speer",10,"Stretching","Full Body Stretch","10 min Stretch","2021-12-20 11:00 (-04)",NA,NA,"",NA,NA,NA,28,NA,NA,NA
"375","2022-03-28","9:29","On Demand","Denis Morton",45,"Cycling","Power Zone","45 min Power Zone Ride","2021-04-23 09:00 (-04)",179,66,"32%",87,21.52,16.14,305,119,NA,NA
"376","2022-03-28","10:24","On Demand","Andy Speer",10,"Strength","Warm Up","10 min Strength-Focus Warm Up","2019-12-10 12:00 (-04)",NA,NA,"",NA,NA,NA,56,NA,NA,NA
"377","2022-03-28","10:43","On Demand","Andy Speer",30,"Strength","Upper Body","30 min Upper Body Strength","2019-12-10 12:00 (-04)",NA,NA,"",NA,NA,NA,170,NA,NA,NA
"378","2022-03-28","11:21","On Demand","Andy Speer",10,"Stretching","Full Body Stretch","10 min Post-Strength Stretch","2019-12-10 12:10 (-04)",NA,NA,"",NA,NA,NA,28,NA,NA,NA
